{
  "POS": {
    "verb": {
      "n": 3512,
      "Majority": 0.42698645782346223,
      "Random": 0.46678382956996245,
      "BiLSTM": 0.6052406081441094,
      "BERT-Frozen+MLP": 0.6646785710801087,
      "BERT": 0.7053895850305747,
      "RoBERTa": 0.6970396319360669,
      "SentenceBERT": 0.5139728259172794
    },
    "noun": {
      "n": 2734,
      "Majority": 0.34436450839328536,
      "Random": 0.510221665069635,
      "BiLSTM": 0.6092756372023401,
      "BERT-Frozen+MLP": 0.7373608877495592,
      "BERT": 0.7532841164389248,
      "RoBERTa": 0.7280945990400136,
      "SentenceBERT": 0.6042876641124098
    },
    "adj": {
      "n": 993,
      "Majority": 0.31280276816609,
      "Random": 0.47576427255985265,
      "BiLSTM": 0.4628130635143258,
      "BERT-Frozen+MLP": 0.6632847930101935,
      "BERT": 0.6757315911540303,
      "RoBERTa": 0.6670218004006927,
      "SentenceBERT": 0.5619050999761659
    },
    "adv": {
      "n": 237,
      "Majority": 0.21262458471760798,
      "Random": 0.4554089996200401,
      "BiLSTM": 0.5320265844731266,
      "BERT-Frozen+MLP": 0.554830053667263,
      "BERT": 0.5297619047619048,
      "RoBERTa": 0.5594234638009625,
      "SentenceBERT": 0.4936656671664168
    }
  },
  "Polysemy": {
    "≤3": {
      "n": 2587,
      "Majority": 0.2282219570405728,
      "Random": 0.45431650598981965,
      "BiLSTM": 0.4778572029265831,
      "BERT-Frozen+MLP": 0.6056853077017965,
      "BERT": 0.6565162675779896,
      "RoBERTa": 0.6381560855341141,
      "SentenceBERT": 0.5446691497111665
    },
    "4-6": {
      "n": 1648,
      "Majority": 0.3938948142699522,
      "Random": 0.49024905591629087,
      "BiLSTM": 0.44843355473117563,
      "BERT-Frozen+MLP": 0.6271368941537219,
      "BERT": 0.6263085863986436,
      "RoBERTa": 0.5966002583803631,
      "SentenceBERT": 0.5319373294091364
    },
    "≥7": {
      "n": 3241,
      "Majority": 0.45748242383662535,
      "Random": 0.4531686284377319,
      "BiLSTM": 0.5390862955530871,
      "BERT-Frozen+MLP": 0.6605454670982744,
      "BERT": 0.6742344321059816,
      "RoBERTa": 0.6656223886387218,
      "SentenceBERT": 0.4971889647678837
    }
  },
  "Frequency": {
    "low": {
      "n": 1135,
      "Majority": 0.07723577235772358,
      "Random": 0.33801615556814196,
      "BiLSTM": 0.4945344129554656,
      "BERT-Frozen+MLP": 0.5370754341864327,
      "BERT": 0.597339246119734,
      "RoBERTa": 0.5702152980633993,
      "SentenceBERT": 0.4534584778616609
    },
    "mid": {
      "n": 416,
      "Majority": 0.2984822934232715,
      "Random": 0.496227293898463,
      "BiLSTM": 0.3922782608695652,
      "BERT-Frozen+MLP": 0.5490116982654296,
      "BERT": 0.6124223602484472,
      "RoBERTa": 0.5981793161850323,
      "SentenceBERT": 0.578757601830878
    },
    "high": {
      "n": 5925,
      "Majority": 0.42036783408334966,
      "Random": 0.4874724228591689,
      "BiLSTM": 0.5706789371920276,
      "BERT-Frozen+MLP": 0.6783074989526603,
      "BERT": 0.6890000477667428,
      "RoBERTa": 0.6765688991404228,
      "SentenceBERT": 0.5309991560002824
    }
  }
}