{
  "POS": {
    "adj": {
      "n": 820,
      "Majority": 0.2538671519563239,
      "Random": 0.4866065948095951,
      "BiLSTM": 0.5264767758141168,
      "BERT-Frozen+MLP": 0.6571451326024051,
      "BERT": 0.7016340810866433,
      "RoBERTa": 0.6915684870839753,
      "SentenceBERT": 0.5577594156529772
    },
    "verb": {
      "n": 2551,
      "Majority": 0.3936296648443071,
      "Random": 0.46499908628955916,
      "BiLSTM": 0.6267962563459973,
      "BERT-Frozen+MLP": 0.6657845089613248,
      "BERT": 0.7169648649455629,
      "RoBERTa": 0.7198657655915018,
      "SentenceBERT": 0.5341883830540528
    },
    "noun": {
      "n": 2229,
      "Majority": 0.294620253164557,
      "Random": 0.48851649739208136,
      "BiLSTM": 0.6049876494740802,
      "BERT-Frozen+MLP": 0.7379763361757046,
      "BERT": 0.7486277103670589,
      "RoBERTa": 0.7412013307776097,
      "SentenceBERT": 0.5884779283272386
    },
    "adv": {
      "n": 214,
      "Majority": 0.1607843137254902,
      "Random": 0.40139144571688146,
      "BiLSTM": 0.53995216035365,
      "BERT-Frozen+MLP": 0.5422459893048128,
      "BERT": 0.5889645538676445,
      "RoBERTa": 0.5374443738080101,
      "SentenceBERT": 0.4491833249140026
    }
  },
  "Polysemy": {
    "≤3": {
      "n": 2342,
      "Majority": 0.17360621030345802,
      "Random": 0.4236495631844469,
      "BiLSTM": 0.49666366464712625,
      "BERT-Frozen+MLP": 0.6013246877853262,
      "BERT": 0.6470973443306445,
      "RoBERTa": 0.6325213341464023,
      "SentenceBERT": 0.5208036234327265
    },
    "4-6": {
      "n": 1241,
      "Majority": 0.35632780082987553,
      "Random": 0.5011411189154712,
      "BiLSTM": 0.4832188114016005,
      "BERT-Frozen+MLP": 0.6269571581671328,
      "BERT": 0.6316726733093068,
      "RoBERTa": 0.6153438276719139,
      "SentenceBERT": 0.5521366215511383
    },
    "≥7": {
      "n": 2231,
      "Majority": 0.4364738570346047,
      "Random": 0.45107674853502533,
      "BiLSTM": 0.5445476449607505,
      "BERT-Frozen+MLP": 0.662533368506906,
      "BERT": 0.6932627961734916,
      "RoBERTa": 0.7001175781491732,
      "SentenceBERT": 0.5112586025963535
    }
  },
  "Frequency": {
    "low": {
      "n": 1157,
      "Majority": 0.047736625514403296,
      "Random": 0.381786300215235,
      "BiLSTM": 0.4808283412981535,
      "BERT-Frozen+MLP": 0.5134596515178294,
      "BERT": 0.5617977528089887,
      "RoBERTa": 0.5587040901034305,
      "SentenceBERT": 0.43444816053511703
    },
    "mid": {
      "n": 444,
      "Majority": 0.24489795918367346,
      "Random": 0.41690241737478395,
      "BiLSTM": 0.42056936553955315,
      "BERT-Frozen+MLP": 0.5777927957561585,
      "BERT": 0.6542227056962026,
      "RoBERTa": 0.6209703170310514,
      "SentenceBERT": 0.5561868686868687
    },
    "high": {
      "n": 4213,
      "Majority": 0.3910089621277826,
      "Random": 0.4735557156155534,
      "BiLSTM": 0.58706205367833,
      "BERT-Frozen+MLP": 0.6752513480220403,
      "BERT": 0.6966178005317956,
      "RoBERTa": 0.6967589776047372,
      "SentenceBERT": 0.5405603002705633
    }
  }
}