{
  "Majority": {
    "accuracy": 0.5,
    "precision_macro": 0.25,
    "recall_macro": 0.5,
    "f1_macro": 0.3333333333333333
  },
  "Random": {
    "accuracy": 0.4846921224630203,
    "precision_macro": 0.48469205725075803,
    "recall_macro": 0.4846921224630203,
    "f1_macro": 0.4846915736559598
  },
  "BiLSTM": {
    "accuracy": 0.6491228070175439,
    "precision_macro": 0.65921823919038,
    "recall_macro": 0.6491228070175439,
    "f1_macro": 0.6434712691691277
  },
  "BERT-Frozen+MLP": {
    "accuracy": 0.7213622291021672,
    "precision_macro": 0.7217657330118421,
    "recall_macro": 0.7213622291021672,
    "f1_macro": 0.721235425702381
  },
  "BERT": {
    "accuracy": 0.7481940144478845,
    "precision_macro": 0.7484114238907682,
    "recall_macro": 0.7481940144478845,
    "f1_macro": 0.748138907300445
  },
  "RoBERTa": {
    "accuracy": 0.7468180254557963,
    "precision_macro": 0.7479451650946901,
    "recall_macro": 0.7468180254557963,
    "f1_macro": 0.7465299616338972
  },
  "SentenceBERT": {
    "accuracy": 0.5679394564843481,
    "precision_macro": 0.567988404376069,
    "recall_macro": 0.5679394564843481,
    "f1_macro": 0.5678616775600984
  }
}