{
  "BiLSTM": {
    "test": {
      "accuracy": 0.5257142857142857,
      "precision_macro": 0.5294736842105263,
      "recall_macro": 0.5257142857142857,
      "f1_macro": 0.5100922266139657
    },
    "dev": {
      "accuracy": 0.5062695924764891,
      "precision_macro": 0.5075887334665525,
      "recall_macro": 0.5062695924764891,
      "f1_macro": 0.4838386562391648
    }
  },
  "BERT-Frozen+MLP": {
    "test": {
      "accuracy": 0.6185714285714285,
      "precision_macro": 0.6365503755722894,
      "recall_macro": 0.6185714285714285,
      "f1_macro": 0.6055888627917725
    },
    "dev": {
      "accuracy": 0.6410658307210031,
      "precision_macro": 0.6621374356194091,
      "recall_macro": 0.6410658307210031,
      "f1_macro": 0.6290123127629699
    }
  },
  "BERT": {
    "test": {
      "accuracy": 0.6592857142857143,
      "precision_macro": 0.6873684159986941,
      "recall_macro": 0.6592857142857143,
      "f1_macro": 0.646022202327094
    },
    "dev": {
      "accuracy": 0.6442006269592476,
      "precision_macro": 0.674540869730707,
      "recall_macro": 0.6442006269592476,
      "f1_macro": 0.6280361110040966
    }
  },
  "RoBERTa": {
    "test": {
      "accuracy": 0.65,
      "precision_macro": 0.668870794313075,
      "recall_macro": 0.65,
      "f1_macro": 0.6399411308997693
    },
    "dev": {
      "accuracy": 0.6175548589341693,
      "precision_macro": 0.6427420798281726,
      "recall_macro": 0.6175548589341693,
      "f1_macro": 0.5999054198536065
    }
  },
  "SentenceBERT": {
    "test": {
      "accuracy": 0.5192857142857142,
      "precision_macro": 0.5195345202879946,
      "recall_macro": 0.5192857142857144,
      "f1_macro": 0.5177501421618531
    },
    "dev": {
      "accuracy": 0.5768025078369906,
      "precision_macro": 0.5768780554981754,
      "recall_macro": 0.5768025078369906,
      "f1_macro": 0.5766985138004246
    }
  }
}