{
  "kfold_metrics": {
    "BiLSTM": {
      "accuracy_mean": 0.5761921222855941,
      "accuracy_std": 0.04173940065667544,
      "f1_mean": 0.5733263734650992,
      "f1_std": 0.040485127117901115,
      "per_fold_f1": [
        0.5061304372896073,
        0.5808037430016766,
        0.5540713240403734,
        0.6210244466139241,
        0.6046019163799146
      ],
      "per_fold_acc": [
        0.5061511423550088,
        0.5842111224374221,
        0.5567596002104156,
        0.6217049636924301,
        0.6121337827326938
      ]
    },
    "BERT-Frozen+MLP": {
      "accuracy_mean": 0.7313451892105078,
      "accuracy_std": 0.025304273327678525,
      "f1_mean": 0.7135440115591467,
      "f1_std": 0.015547289959610045,
      "per_fold_f1": [
        0.7133819861048298,
        0.7055679154530943,
        0.6910840044866137,
        0.7195594314273203,
        0.7381267203238755
      ],
      "per_fold_acc": [
        0.7287947460919434,
        0.7098199116547741,
        0.7024723829563387,
        0.7420670446632845,
        0.7735718606861982
      ]
    },
    "BERT": {
      "accuracy_mean": 0.7479846871521147,
      "accuracy_std": 0.013948797334344839,
      "f1_mean": 0.7349147789799464,
      "f1_std": 0.009680062955935782,
      "per_fold_f1": [
        0.7235075776051703,
        0.7355792102416778,
        0.7274075712673562,
        0.7364548035194103,
        0.7516247322661174
      ],
      "per_fold_acc": [
        0.7438719822403108,
        0.7408540038509458,
        0.7335086796422935,
        0.7473391027553964,
        0.7743496672716274
      ]
    },
    "RoBERTa": {
      "accuracy_mean": 0.7384165092823076,
      "accuracy_std": 0.026691442635032935,
      "f1_mean": 0.7258904277718874,
      "f1_std": 0.016424605037554982,
      "per_fold_f1": [
        0.7192647128304095,
        0.7262099155520038,
        0.7067652380389633,
        0.721060699243492,
        0.7561515731945688
      ],
      "per_fold_acc": [
        0.7356396263065397,
        0.7339449541284404,
        0.7086796422935298,
        0.7255545608276136,
        0.7882637628554144
      ]
    },
    "DeBERTa-v3": {
      "accuracy_mean": 0.6967441735640231,
      "accuracy_std": 0.08480263894390468,
      "f1_mean": 0.6422923976796369,
      "f1_std": 0.1442326026567794,
      "per_fold_f1": [
        0.740046202390664,
        0.3750659603127213,
        0.7280261880287265,
        0.6060815283642395,
        0.7622421093018326
      ],
      "per_fold_acc": [
        0.7587642216261216,
        0.5843243855476271,
        0.7366649132035771,
        0.6075798269173381,
        0.7963875205254516
      ]
    },
    "SentenceBERT": {
      "accuracy_mean": 0.5982590454676807,
      "accuracy_std": 0.0162978955543898,
      "f1_mean": 0.5625560189227082,
      "f1_std": 0.00908735152144992,
      "per_fold_f1": [
        0.562869730077816,
        0.5738982222536585,
        0.5487707255890878,
        0.5568437489305584,
        0.5703976677624203
      ],
      "per_fold_acc": [
        0.5923596337064101,
        0.5869294370823422,
        0.581273014203051,
        0.6033024967671342,
        0.6274306455794659
      ]
    }
  },
  "bootstrap_ci": {
    "BiLSTM": {
      "f1": 0.5761860868578901,
      "ci_lower": 0.5716675676895759,
      "ci_upper": 0.5805661535543094
    },
    "BERT-Frozen+MLP": {
      "f1": 0.7162016817953727,
      "ci_lower": 0.7124405099934272,
      "ci_upper": 0.7203578469286265
    },
    "BERT": {
      "f1": 0.7363311086176424,
      "ci_lower": 0.7323452941259291,
      "ci_upper": 0.7402110421267623
    },
    "RoBERTa": {
      "f1": 0.7290598934193331,
      "ci_lower": 0.7252520273548246,
      "ci_upper": 0.7328580619186102
    },
    "DeBERTa-v3": {
      "f1": 0.6804368431503924,
      "ci_lower": 0.6765317241061035,
      "ci_upper": 0.6847673767833861
    },
    "SentenceBERT": {
      "f1": 0.5645978281346511,
      "ci_lower": 0.5605155933926238,
      "ci_upper": 0.5692085395391301
    }
  },
  "mcnemar": [
    {
      "model_a": "BiLSTM",
      "model_b": "BERT-Frozen+MLP",
      "p_value": 0.0,
      "significant": "***",
      "per_fold_p": [
        0.0,
        0.0,
        0.0,
        0.0,
        0.0
      ]
    },
    {
      "model_a": "BiLSTM",
      "model_b": "BERT",
      "p_value": 0.0,
      "significant": "***",
      "per_fold_p": [
        0.0,
        0.0,
        0.0,
        0.0,
        0.0
      ]
    },
    {
      "model_a": "BiLSTM",
      "model_b": "RoBERTa",
      "p_value": 0.0,
      "significant": "***",
      "per_fold_p": [
        0.0,
        0.0,
        0.0,
        0.0,
        0.0
      ]
    },
    {
      "model_a": "BiLSTM",
      "model_b": "DeBERTa-v3",
      "p_value": 0.0,
      "significant": "***",
      "per_fold_p": [
        0.0,
        1.0,
        0.0,
        0.005164241151215054,
        0.0
      ]
    },
    {
      "model_a": "BiLSTM",
      "model_b": "SentenceBERT",
      "p_value": 2.5990321006474915e-13,
      "significant": "***",
      "per_fold_p": [
        0.0,
        0.7319871113929726,
        0.001127386969041022,
        0.010504445281650954,
        0.019346817949333905
      ]
    },
    {
      "model_a": "BERT-Frozen+MLP",
      "model_b": "BERT",
      "p_value": 0.0,
      "significant": "***",
      "per_fold_p": [
        0.00024660621863947796,
        1.6298074001497298e-12,
        3.128608483393691e-13,
        0.20442400057303212,
        0.8508044035111352
      ]
    },
    {
      "model_a": "BERT-Frozen+MLP",
      "model_b": "RoBERTa",
      "p_value": 0.000643171532445197,
      "significant": "***",
      "per_fold_p": [
        0.13078138613538592,
        1.1451818699992344e-06,
        0.2190548277253821,
        0.0006970696272580179,
        2.839895285466909e-05
      ]
    },
    {
      "model_a": "BERT-Frozen+MLP",
      "model_b": "DeBERTa-v3",
      "p_value": 0.0,
      "significant": "***",
      "per_fold_p": [
        8.164580123093401e-13,
        0.0,
        3.4428015993626104e-13,
        0.0,
        2.168883961317647e-10
      ]
    },
    {
      "model_a": "BERT-Frozen+MLP",
      "model_b": "SentenceBERT",
      "p_value": 0.0,
      "significant": "***",
      "per_fold_p": [
        0.0,
        0.0,
        0.0,
        0.0,
        0.0
      ]
    },
    {
      "model_a": "BERT",
      "model_b": "RoBERTa",
      "p_value": 4.772390296503559e-06,
      "significant": "***",
      "per_fold_p": [
        0.05406829650405731,
        0.12885757183730495,
        1.9008923324292937e-08,
        9.930459249352097e-07,
        0.0003430750980030206
      ]
    },
    {
      "model_a": "BERT",
      "model_b": "DeBERTa-v3",
      "p_value": 0.0,
      "significant": "***",
      "per_fold_p": [
        0.00035983941385098195,
        0.0,
        0.48940192712210384,
        0.0,
        1.5028007172013247e-08
      ]
    },
    {
      "model_a": "BERT",
      "model_b": "SentenceBERT",
      "p_value": 0.0,
      "significant": "***",
      "per_fold_p": [
        0.0,
        0.0,
        0.0,
        0.0,
        0.0
      ]
    },
    {
      "model_a": "RoBERTa",
      "model_b": "DeBERTa-v3",
      "p_value": 0.0,
      "significant": "***",
      "per_fold_p": [
        3.6385021773277515e-08,
        0.0,
        2.0358214003479702e-09,
        0.0,
        0.01167505699680449
      ]
    },
    {
      "model_a": "RoBERTa",
      "model_b": "SentenceBERT",
      "p_value": 0.0,
      "significant": "***",
      "per_fold_p": [
        0.0,
        0.0,
        0.0,
        0.0,
        0.0
      ]
    },
    {
      "model_a": "DeBERTa-v3",
      "model_b": "SentenceBERT",
      "p_value": 0.0,
      "significant": "***",
      "per_fold_p": [
        0.0,
        0.7141332430668101,
        0.0,
        0.5680224445104937,
        0.0
      ]
    }
  ]
}